ringnr,ID
8118424,1
8118425,2
8118426,3
8118429,4
8118430,5
8118432,6
8118433,7
8118435,8
8168601,9
8168602,10
8168603,11
8168605,12
8168606,13
8168607,14
8168608,15
8168610,16
8168612,17
8168613,18
8168614,19
8168635,20
8168636,21
8168639,22
8168642,23
8168644,24
8168646,25
8168648,26
8168650,27
8168655,28
8168665,29
8168692,30
8168693,31
8168698,32
8168702,33
8168709,34
8168728,35
8168768,36
8168769,37
8168771,38
8168772,39
8309128,40
8309135,41
8309140,42
8309141,43
8309143,44
8309150,45
8309155,46
8309156,47
8309158,48
8309159,49
8309161,50
8309162,51
8309164,52
8309165,53
8309171,54
8309173,55
8309175,56
8309182,57
8309183,58
8309184,59
8309185,60
8309186,61
8309190,62
8309191,63
8309195,64
8309197,65
8309201,66
8309206,67
8309251,68
8309252,69
8309254,70
8309262,71
8309263,72
8309264,73
8309266,74
8309267,75
8309269,76
8309272,77
8309273,78
8309274,79
8309277,80
8309278,81
8309281,82
8309283,83
8309285,84
8309287,85
8309288,86
8309291,87
8309298,88
8414501,89
8414806,90
8414812,91
8537612,92
8537652,93
8537699,94
8537700,95
8537728,96
8573156,97
8573187,98
8573221,99
8573515,100
8573567,101
8573572,102
8573603,103
8573606,104
8573683,105
8573845,106
8573856,107
8573864,108
8573872,109
8573874,110
8573896,111
8573966,112
8598501,113
8598555,114
8598568,115
8598593,116
8598594,117
8598595,118
8598596,119
8598602,120
8598614,121
8598728,122
8598748,123
8598849,124
8598887,125
8598907,126
8651515,127
8651522,128
8651524,129
8651525,130
8651527,131
8651534,132
8651539,133
8651543,134
8651548,135
8651566,136
8651576,137
8651586,138
8651621,139
8651656,140
8651658,141
8651665,142
8651695,143
8651701,144
8651728,145
8651730,146
8651738,147
8651743,148
8651754,149
8651761,150
8651804,151
8651842,152
8651860,153
8651868,154
8651869,155
8651870,156
8651875,157
8651876,158
8651878,159
8651881,160
8651882,161
8651883,162
8651884,163
8651898,164
8651899,165
8651927,166
8651948,167
8651952,168
8651975,169
8651979,170
8651985,171
8651993,172
8651997,173
8651998,174
8668476,175
8668479,176
8668480,177
8668482,178
8668484,179
8668490,180
8681001,181
8681002,182
8681003,183
8681005,184
8681008,185
8681009,186
8681012,187
8681017,188
8681020,189
8681024,190
8681025,191
8681027,192
8681028,193
8681029,194
8681032,195
8681033,196
8681034,197
8681037,198
8681038,199
8681039,200
8681040,201
8681041,202
8681042,203
8681044,204
8681052,205
8681053,206
8681054,207
8681055,208
8681056,209
8681057,210
8681058,211
8681059,212
8681060,213
8681073,214
8681074,215
8681075,216
8681076,217
8681077,218
8681079,219
8681081,220
8681095,221
8681097,222
8681098,223
8681101,224
8681103,225
8681109,226
8681121,227
8681132,228
8681147,229
8681169,230
8681175,231
8681180,232
8681181,233
8681183,234
8681184,235
8681190,236
8681195,237
8681200,238
8681207,239
8681208,240
8681214,241
8681251,242
8681253,243
8681254,244
8681258,245
8681259,246
8681260,247
8681261,248
8681268,249
8681272,250
8681300,251
8681308,252
8681309,253
8681317,254
8681319,255
8681320,256
8681321,257
8681322,258
8681342,259
8681352,260
8681355,261
8681356,262
8681361,263
8681369,264
8681370,265
8681371,266
8681374,267
8681397,268
8681403,269
8681409,270
8681413,271
8681414,272
8681415,273
8681416,274
8681419,275
8681420,276
8681422,277
8681423,278
8681434,279
8681436,280
8681438,281
8681447,282
8681452,283
8681454,284
8681462,285
8681464,286
8681466,287
8681468,288
8681469,289
8730413,290
8730416,291
8730417,292
8730418,293
8730421,294
8730431,295
8730436,296
8730437,297
8730439,298
8730441,299
8730442,300
8730443,301
8730453,302
8730454,303
8730457,304
8730483,305
8730486,306
8730493,307
8730496,308
8730497,309
8730498,310
8730503,311
8730506,312
8730509,313
8730517,314
8730518,315
8730522,316
8730527,317
8730528,318
8730529,319
8730535,320
8730537,321
8730538,322
8730541,323
8730577,324
8730579,325
8730584,326
8730586,327
8730902,328
8730969,329
8730979,330
8730981,331
8730987,332
8730993,333
8730998,334
8732205,335
8732211,336
8732213,337
8732247,338
8732249,339
8732254,340
8732255,341
8732288,342
8732292,343
8732293,344
8732294,345
8732296,346
8732552,347
8732559,348
8732561,349
8732565,350
8732600,351
8732637,352
8732638,353
8732639,354
8732640,355
8732641,356
8732644,357
8732646,358
8732647,359
8732648,360
8732649,361
8732650,362
8732651,363
8732652,364
8732653,365
8732654,366
8732656,367
8732657,368
8732659,369
8732660,370
8732676,371
8732678,372
8732680,373
8732681,374
8732685,375
8732686,376
8732687,377
8732689,378
8732690,379
8732691,380
8732694,381
8732695,382
8732696,383
8732697,384
8732698,385
8732699,386
8732700,387
8747012,388
8747100,389
8747101,390
8747102,391
8747103,392
8747104,393
8747105,394
8747109,395
8747114,396
8747117,397
8747118,398
8747125,399
8747215,400
8747218,401
8747220,402
8747221,403
8747222,404
8747223,405
8747224,406
8747225,407
8747227,408
8747228,409
8747229,410
8747233,411
8747234,412
8747239,413
8747254,414
8747256,415
8747257,416
8747258,417
8747259,418
8747260,419
8747263,420
8747267,421
8747270,422
8747283,423
8747363,424
8747364,425
8747365,426
8747366,427
8747369,428
8747371,429
8747373,430
8747399,431
8747406,432
8747408,433
8747410,434
8747412,435
8747417,436
8747424,437
8747517,438
8747518,439
8747519,440
8747520,441
8747526,442
8747527,443
8747529,444
8747532,445
8747534,446
8747548,447
8747549,448
8747550,449
8747551,450
8747552,451
8747553,452
8747554,453
8747555,454
8747561,455
8747563,456
8747564,457
8747565,458
8747603,459
8747604,460
8747606,461
8747608,462
8747609,463
8747623,464
8747624,465
8747630,466
8747636,467
8747691,468
8747692,469
8747693,470
8747694,471
8747698,472
8747699,473
8747703,474
8747705,475
8747720,476
8747722,477
8747725,478
8747726,479
8747727,480
8747728,481
8747729,482
8747740,483
8747741,484
8747748,485
8747749,486
8747756,487
8747757,488
8747758,489
8747759,490
8747760,491
8747761,492
8747764,493
8747777,494
8747780,495
8747781,496
8747799,497
8747805,498
8747807,499
8747808,500
8747809,501
8747811,502
8747813,503
8747871,504
8747872,505
8747878,506
8747900,507
8747901,508
8747905,509
8747906,510
8747936,511
8747940,512
8747941,513
8747942,514
8747948,515
8747949,516
8747974,517
8747976,518
8747979,519
8747982,520
8794301,521
8794302,522
8794305,523
8794306,524
8794307,525
8794367,526
8794368,527
8794372,528
8794375,529
8800018,530
8800019,531
8800021,532
8800022,533
8800023,534
8800025,535
8800027,536
8800028,537
8800029,538
8800030,539
8800031,540
8800035,541
8800037,542
8800038,543
8800041,544
8800042,545
8800045,546
8800046,547
8800059,548
8800060,549
8800061,550
8800066,551
8800073,552
8800074,553
8800075,554
8800077,555
8800090,556
8800091,557
8800094,558
8800095,559
8800101,560
8800102,561
8800104,562
8800166,563
8800168,564
8800170,565
8800171,566
8800175,567
8800176,568
8800177,569
8800178,570
8800179,571
8800181,572
8800182,573
8800185,574
8800196,575
8800199,576
8800302,577
8800303,578
8800307,579
8800314,580
8800321,581
8800322,582
8800352,583
8800353,584
8800354,585
8800355,586
8800356,587
8800357,588
8800370,589
8800371,590
8800372,591
8800375,592
8800376,593
8800382,594
8800390,595
8800391,596
8800392,597
8800395,598
8800397,599
8800402,600
8800404,601
8800405,602
8800416,603
8800417,604
8800418,605
8800422,606
8800424,607
8800426,608
8800427,609
8800428,610
8800434,611
8800436,612
8800437,613
8800439,614
8800440,615
8800441,616
8800450,617
8800467,618
8800468,619
8800469,620
8800470,621
8800477,622
8800478,623
8800482,624
8800488,625
8800489,626
8800490,627
8800494,628
8800495,629
8800497,630
8800504,631
8800510,632
8800511,633
8800512,634
8800515,635
8800517,636
8800519,637
8800521,638
8800523,639
8800524,640
8800529,641
8800533,642
8800535,643
8800537,644
8800538,645
8800547,646
8800550,647
8800556,648
8800567,649
8800568,650
8800570,651
8800573,652
8800574,653
8800592,654
8800593,655
8800612,656
8800613,657
8800614,658
8800615,659
8800616,660
8800617,661
8800935,662
8800936,663
8800937,664
8816407,665
8816408,666
8816409,667
8816417,668
8816420,669
8816427,670
8816428,671
8816442,672
8816452,673
8816455,674
8816456,675
8816467,676
8816483,677
8816486,678
8816491,679
8816494,680
8816495,681
8816496,682
8816497,683
8816901,684
8816918,685
8816919,686
8816921,687
8816924,688
8816929,689
8816930,690
8816931,691
8816932,692
8816936,693
8816937,694
8816940,695
8816942,696
8816943,697
8816944,698
8816947,699
8816948,700
8816949,701
8816952,702
8816953,703
8816954,704
8816955,705
8816956,706
8816957,707
8816959,708
8816963,709
8857202,710
8857205,711
8857207,712
8857208,713
8857210,714
8857213,715
8857215,716
8857220,717
8857223,718
8857226,719
8857230,720
8857231,721
8857232,722
8857233,723
8857237,724
8857243,725
8857246,726
8857249,727
8857252,728
8857273,729
8857274,730
8857275,731
8857276,732
8857277,733
8857278,734
8857279,735
8857281,736
8857284,737
8857285,738
8857401,739
8857404,740
8857405,741
8857407,742
8857415,743
8857416,744
8857724,745
8857730,746
8857739,747
8857740,748
8857748,749
8857752,750
8857754,751
8857767,752
8857778,753
8857780,754
8857946,755
8866704,756
8866710,757
8866716,758
8866718,759
8866720,760
8866730,761
8866741,762
8866745,763
8866750,764
8866751,765
8866752,766
8866754,767
8866766,768
8866773,769
8866783,770
8866786,771
8866789,772
8866790,773
8866791,774
8866792,775
8866795,776
8866799,777
8866800,778
8887035,779
8887037,780
8887130,781
8887205,782
8887206,783
8887207,784
8887210,785
8887211,786
8887220,787
8887226,788
8887230,789
8887232,790
8887233,791
8887238,792
8887240,793
8887241,794
8887245,795
8887249,796
8887262,797
8887264,798
8887266,799
8887267,800
8887277,801
8887278,802
8887279,803
8887281,804
8887283,805
8887286,806
8887290,807
8887291,808
8887310,809
8887311,810
8887315,811
8887316,812
8887318,813
8887319,814
8887324,815
8887335,816
8887341,817
8887342,818
8887344,819
8887345,820
8887346,821
8887349,822
8887352,823
8887353,824
8887354,825
8887356,826
8887357,827
8887358,828
8887360,829
8887368,830
8887370,831
8887373,832
8887379,833
8887385,834
8887396,835
8887399,836
8887406,837
8887408,838
8887411,839
8887414,840
8887416,841
8887421,842
8887422,843
8887423,844
8887439,845
8887440,846
8887445,847
8887448,848
8887449,849
8887450,850
8887451,851
8887452,852
8887453,853
8887455,854
8887458,855
8887460,856
8887462,857
8887472,858
8887474,859
8887475,860
8887477,861
8887478,862
8887481,863
8887484,864
8887486,865
8887488,866
8887490,867
8887495,868
8904654,869
8904657,870
8904661,871
8904683,872
8934027,873
8934028,874
8934033,875
8934039,876
8934040,877
8934058,878
8934059,879
8934062,880
8934064,881
8934066,882
8934069,883
8934070,884
8934072,885
8934073,886
8934075,887
8934077,888
8934087,889
8934089,890
8934090,891
8934095,892
8934214,893
8934215,894
8934216,895
8934217,896
8934219,897
8934224,898
8934225,899
8934227,900
8934228,901
8934231,902
8934236,903
8934267,904
8934301,905
8934302,906
8934304,907
8934311,908
8934313,909
8934326,910
8934329,911
8934333,912
8934338,913
8934339,914
8934343,915
8934353,916
8934354,917
8934355,918
8934363,919
8934364,920
8934367,921
8934368,922
8934369,923
8934373,924
8934374,925
8934375,926
8934376,927
8934380,928
8934385,929
8934386,930
8934392,931
8934393,932
8934395,933
8934398,934
8934399,935
8934400,936
8934426,937
8934451,938
8934458,939
8934459,940
8934460,941
8934462,942
8934471,943
8934472,944
8934473,945
8934474,946
8934475,947
8934481,948
8934484,949
8934489,950
8934497,951
8934498,952
8934499,953
8934501,954
8934514,955
8934532,956
8934534,957
8934537,958
8934542,959
8934547,960
8934548,961
8934559,962
8934565,963
8934585,964
8934588,965
8934596,966
8934600,967
8934801,968
8934805,969
8934806,970
8934808,971
8934813,972
8934820,973
8934823,974
8934828,975
8934854,976
8934855,977
8934867,978
8934868,979
8934869,980
8934871,981
8934875,982
8934876,983
8934879,984
8934880,985
8934881,986
8934883,987
8934884,988
8934885,989
8934886,990
8934893,991
8934895,992
8934899,993
8939024,994
8939028,995
8939034,996
8939037,997
8939038,998
8939040,999
8939042,1000
8939043,1001
8939045,1002
8939047,1003
8939052,1004
8939054,1005
8939056,1006
8939059,1007
8939076,1008
8939085,1009
8939086,1010
8939088,1011
8939091,1012
8939092,1013
8939093,1014
8939095,1015
8939097,1016
8939101,1017
8939106,1018
8939107,1019
8939113,1020
8939117,1021
8939118,1022
8939119,1023
8939121,1024
8939122,1025
8939124,1026
8939125,1027
8939131,1028
8939137,1029
8939139,1030
8939140,1031
8939141,1032
8939150,1033
8939151,1034
8939157,1035
8939158,1036
8939159,1037
8939163,1038
8939164,1039
8939175,1040
8939180,1041
8939181,1042
8939184,1043
8939192,1044
8939195,1045
8939196,1046
8939197,1047
8939199,1048
8939344,1049
8939345,1050
8939352,1051
8939353,1052
8939359,1053
8939360,1054
8939367,1055
8939377,1056
8939391,1057
8939392,1058
8939416,1059
8939419,1060
8939422,1061
8939425,1062
8939427,1063
8939429,1064
8939431,1065
8939441,1066
8939442,1067
8939443,1068
8939457,1069
8939460,1070
8939462,1071
8939465,1072
8939475,1073
8939491,1074
8939492,1075
8939494,1076
8939495,1077
8939498,1078
8939506,1079
8939519,1080
8939521,1081
8939524,1082
8939525,1083
8939526,1084
8939533,1085
8939534,1086
8939535,1087
8939538,1088
8939539,1089
8939542,1090
8939544,1091
8939551,1092
8939555,1093
8939561,1094
8939562,1095
8939569,1096
8939574,1097
8939578,1098
8939579,1099
8939582,1100
8939584,1101
8939590,1102
8939594,1103
8939595,1104
8939602,1105
8939603,1106
8939605,1107
8939607,1108
8939608,1109
8939610,1110
8939611,1111
8939613,1112
8939615,1113
8939617,1114
8939619,1115
8939622,1116
8939627,1117
8939629,1118
8939630,1119
8939631,1120
8939632,1121
8939633,1122
8939704,1123
8939705,1124
8939706,1125
8939718,1126
8939726,1127
8939728,1128
8939733,1129
8939743,1130
8939745,1131
8939746,1132
8939747,1133
8939748,1134
8939749,1135
8939750,1136
8939762,1137
8939763,1138
8939764,1139
8939768,1140
8939769,1141
8939773,1142
8939804,1143
8939805,1144
8939806,1145
8939807,1146
8939815,1147
8939816,1148
8939818,1149
8939819,1150
8939821,1151
8939824,1152
8939872,1153
8939874,1154
8939875,1155
8939876,1156
8939897,1157
8939898,1158
8939899,1159
8943003,1160
8943009,1161
8943012,1162
8943013,1163
8943014,1164
8943023,1165
8943024,1166
8943025,1167
8943039,1168
8943043,1169
8943061,1170
8943064,1171
8943066,1172
8943067,1173
8943080,1174
8943082,1175
8943083,1176
8943103,1177
8943105,1178
8943106,1179
8943109,1180
8943110,1181
8943113,1182
8943121,1183
8943125,1184
8943129,1185
8943135,1186
8943141,1187
8943142,1188
8943143,1189
8943164,1190
8943165,1191
8943168,1192
8943402,1193
8943405,1194
8943422,1195
8943424,1196
8943426,1197
8943429,1198
8943438,1199
8943458,1200
8943459,1201
8943469,1202
8943470,1203
8943473,1204
8943474,1205
8943475,1206
8943484,1207
8943485,1208
8943486,1209
8943496,1210
8943498,1211
8943549,1212
8943578,1213
8943580,1214
8943587,1215
8943733,1216
8943735,1217
8943736,1218
8943737,1219
8943743,1220
8943752,1221
8943753,1222
8943754,1223
8943756,1224
8943758,1225
8943760,1226
8943761,1227
8943762,1228
8943766,1229
8943767,1230
8943797,1231
8943801,1232
8943802,1233
8943803,1234
8943804,1235
8943805,1236
8943808,1237
8943814,1238
8943818,1239
8943829,1240
8943836,1241
8943837,1242
8943857,1243
8943880,1244
8943882,1245
8943889,1246
8943892,1247
8943894,1248
8943897,1249
8981002,1250
8981003,1251
8981005,1252
8981007,1253
8981008,1254
8981009,1255
8981011,1256
8981012,1257
8981015,1258
8981016,1259
8981018,1260
8981020,1261
8981021,1262
8981024,1263
8981025,1264
8981026,1265
8981027,1266
8981029,1267
8981030,1268
8981031,1269
8981032,1270
8981033,1271
8981036,1272
8981038,1273
8981229,1274
8981237,1275
8981241,1276
8981247,1277
8981248,1278
8981253,1279
8981262,1280
8981263,1281
8981264,1282
8981265,1283
8981266,1284
8981267,1285
8981268,1286
8981270,1287
8981272,1288
8981273,1289
8981274,1290
8981277,1291
8981278,1292
8981279,1293
8981280,1294
8981281,1295
8981283,1296
8981284,1297
8981286,1298
8981287,1299
8981289,1300
8981290,1301
8981293,1302
8981296,1303
8981310,1304
8981312,1305
8981313,1306
8981318,1307
8981325,1308
8981503,1309
8981536,1310
8981545,1311
8981582,1312
8981601,1313
8981602,1314
8981604,1315
8981605,1316
8981606,1317
8981607,1318
8981608,1319
8981609,1320
8981643,1321
8981652,1322
8981657,1323
8981676,1324
8981701,1325
8981702,1326
8981703,1327
8981704,1328
8981707,1329
8981708,1330
8981711,1331
8981714,1332
8981715,1333
8981720,1334
8981722,1335
8981723,1336
8981733,1337
8981734,1338
8981738,1339
8981739,1340
8981741,1341
8981754,1342
8981773,1343
8981774,1344
8981784,1345
8981786,1346
8981791,1347
8981792,1348
8981801,1349
8981802,1350
8981803,1351
8981804,1352
8981805,1353
8981806,1354
8981807,1355
8981820,1356
8981821,1357
8981822,1358
8981823,1359
8981824,1360
8981832,1361
8981850,1362
8981856,1363
8981857,1364
8981858,1365
8981861,1366
8981863,1367
8981864,1368
8981873,1369
8981881,1370
8981914,1371
8981919,1372
8981920,1373
8981923,1374
8981927,1375
8981928,1376
8981929,1377
8981935,1378
8981940,1379
8981942,1380
8981944,1381
8981945,1382
8981955,1383
8981960,1384
8981962,1385
8981965,1386
8981968,1387
8981970,1388
8981971,1389
8981972,1390
8L19501,1391
8L19505,1392
8L19506,1393
8L19539,1394
8L19540,1395
8L19561,1396
8L19564,1397
8L19568,1398
8L19569,1399
8L19572,1400
8L19595,1401
8L19616,1402
8L19627,1403
8L19633,1404
8L19637,1405
8L19652,1406
8L19656,1407
8L19661,1408
8L19681,1409
8L19688,1410
8L19689,1411
8L19693,1412
8L19722,1413
8L19723,1414
8L19728,1415
8L19729,1416
8L19730,1417
8L19813,1418
8L19825,1419
8L19830,1420
8L19835,1421
8L19839,1422
8L19856,1423
8L19858,1424
8L19860,1425
8L19862,1426
8L19864,1427
8L19865,1428
8L19877,1429
8L19891,1430
8L19898,1431
8L19899,1432
8L19900,1433
8L19912,1434
8L19914,1435
8L19917,1436
8L19919,1437
8L19920,1438
8L19921,1439
8L19922,1440
8L19926,1441
8L19928,1442
8L19929,1443
8L19930,1444
8L19931,1445
8L19932,1446
8L19933,1447
8L19934,1448
8L19936,1449
8L19937,1450
8L19946,1451
8L19958,1452
8L19959,1453
8L19960,1454
8L19961,1455
8L19969,1456
8L19972,1457
8L19974,1458
8L19977,1459
8L19978,1460
8L19979,1461
8L19980,1462
8L19986,1463
8L19987,1464
8L19988,1465
8L19991,1466
8L19992,1467
8L19995,1468
8L19998,1469
8L19999,1470
8L26521,1471
8L26528,1472
8L26538,1473
8L26570,1474
8L26576,1475
8L26578,1476
8L26579,1477
8L26581,1478
8L26582,1479
8L26586,1480
8L26587,1481
8L26591,1482
8L26595,1483
8L26596,1484
8L26597,1485
8L30001,1486
8L30208,1487
8L30212,1488
8L30219,1489
8L30235,1490
8L30248,1491
8L30249,1492
8L30253,1493
8L30260,1494
8L30261,1495
8L30286,1496
8L30289,1497
8L30291,1498
8L30298,1499
8L30300,1500
8L30301,1501
8L30308,1502
8L30311,1503
8L30313,1504
8L30320,1505
8L30327,1506
8L30340,1507
8L30363,1508
8L30364,1509
8L30372,1510
8L30380,1511
8L30388,1512
8L30396,1513
8L30401,1514
8L30444,1515
8L30445,1516
8L30446,1517
8L30449,1518
8L30451,1519
8L30489,1520
8L30490,1521
8L30496,1522
8L30499,1523
8L30500,1524
8L30572,1525
8L30591,1526
8L30596,1527
8L30597,1528
8L30598,1529
8L30599,1530
8L30761,1531
8L30779,1532
8L30780,1533
8L30781,1534
8L30782,1535
8L30783,1536
8L30784,1537
8L30807,1538
8L30809,1539
8L30819,1540
8L30828,1541
8L30829,1542
8L30832,1543
8L30833,1544
8L30835,1545
8L30848,1546
8L30851,1547
8L30876,1548
8L30878,1549
8L30879,1550
8L30882,1551
8L30886,1552
8L30890,1553
8L30892,1554
8L30893,1555
8L30898,1556
8L30917,1557
8L30919,1558
8L30920,1559
8L30922,1560
8L30947,1561
8L30958,1562
8L30959,1563
8L30962,1564
8L30963,1565
8L48310,1566
8L48311,1567
8L48312,1568
8L48313,1569
8L48314,1570
8L48315,1571
8L48318,1572
8L48319,1573
8L48320,1574
8L48323,1575
8L48334,1576
8L48336,1577
8L48337,1578
8L48344,1579
8L48350,1580
8L48352,1581
8L48365,1582
8L48368,1583
8L48369,1584
8L48371,1585
8L48377,1586
8L48381,1587
8L48398,1588
8L48399,1589
8L48404,1590
8L48405,1591
8L48407,1592
8L48408,1593
8L48410,1594
8L48414,1595
8L48417,1596
8L48418,1597
8L48427,1598
8L48428,1599
8L48430,1600
8L48432,1601
8L48435,1602
8L48436,1603
8L48438,1604
8L48440,1605
8L48441,1606
8L48443,1607
8L48444,1608
8L48445,1609
8L48446,1610
8L48448,1611
8L48450,1612
8L48451,1613
8L48452,1614
8L48454,1615
8L48455,1616
8L48457,1617
8L48459,1618
8L48461,1619
8L48463,1620
8L48467,1621
8L48469,1622
8L48473,1623
8L48474,1624
8L48476,1625
8L48477,1626
8L48478,1627
8L48479,1628
8L48480,1629
8L48501,1630
8L48507,1631
8L48540,1632
8L48542,1633
8L48555,1634
8L48565,1635
8L48574,1636
8L48581,1637
8L48583,1638
8L48592,1639
8L48598,1640
8L48602,1641
8L48607,1642
8L48608,1643
8L48609,1644
8L48610,1645
8L48611,1646
8L48651,1647
8L48661,1648
8L48662,1649
8L48691,1650
8L48692,1651
8L48694,1652
8L48695,1653
8L49909,1654
8L49910,1655
8L49912,1656
8L49917,1657
8L49930,1658
8L49934,1659
8L49935,1660
8L49938,1661
8L49943,1662
8L49957,1663
8L49958,1664
8L49959,1665
8L49960,1666
8L49963,1667
8L49969,1668
8L49974,1669
8L49991,1670
8L52202,1671
8L52209,1672
8L52210,1673
8L52211,1674
8L52212,1675
8L52214,1676
8L52223,1677
8L52224,1678
8L52231,1679
8L52235,1680
8L52237,1681
8L52239,1682
8L52241,1683
8L52243,1684
8L52244,1685
8L52249,1686
8L52253,1687
8L52254,1688
8L52255,1689
8L52258,1690
8L52272,1691
8L52283,1692
8L52284,1693
8L52287,1694
8L52303,1695
8L52304,1696
8L52305,1697
8L52308,1698
8L52310,1699
8L52401,1700
8L52403,1701
8L52404,1702
8L52405,1703
8L52407,1704
8L52408,1705
8L52410,1706
8L52411,1707
8L52415,1708
8L52416,1709
8L52418,1710
8L52419,1711
8L52420,1712
8L52424,1713
8L52426,1714
8L52428,1715
8L52501,1716
8L52502,1717
8L52504,1718
8L52514,1719
8L52515,1720
8L52527,1721
8L52529,1722
8L52532,1723
8L52533,1724
8L52534,1725
8L52535,1726
8L52549,1727
8L52550,1728
8L52551,1729
8L52552,1730
8L52554,1731
8L52555,1732
8L52556,1733
8L52574,1734
8L52585,1735
8L52595,1736
8L52596,1737
8L52597,1738
8L52598,1739
8L52601,1740
8L52614,1741
8L52619,1742
8L52620,1743
8L52623,1744
8L52624,1745
8L52629,1746
8L52674,1747
8L52689,1748
8L52909,1749
8L52913,1750
8L52920,1751
8L52922,1752
8L52923,1753
8L52931,1754
8L52932,1755
8L52934,1756
8L52943,1757
8L52950,1758
8L52954,1759
8L52955,1760
8L52956,1761
8L52959,1762
8L52960,1763
8L52961,1764
8L52962,1765
8L52963,1766
8L52964,1767
8L52965,1768
8L52967,1769
8L52969,1770
8L52973,1771
8L52974,1772
8L52978,1773
8L57701,1774
8L57729,1775
8L57742,1776
8L57750,1777
8L57757,1778
8L57758,1779
8L57789,1780
8L57814,1781
8L57815,1782
8L57859,1783
8L57876,1784
8L57880,1785
8L57882,1786
8L57902,1787
8L57906,1788
8L57916,1789
8L57918,1790
8L57921,1791
8L57922,1792
8L57923,1793
8L57927,1794
8L57928,1795
8L57933,1796
8L57934,1797
8L57941,1798
8L57942,1799
8L57943,1800
8L64134,1801
8L64139,1802
8L64144,1803
8L64148,1804
8L64149,1805
8L64156,1806
8L64157,1807
8L64158,1808
8L64169,1809
8L64175,1810
8L64176,1811
8L64202,1812
8L64206,1813
8L64210,1814
8L64212,1815
8L64215,1816
8L64216,1817
8L64224,1818
8L64225,1819
8L64241,1820
8L64248,1821
8L64256,1822
8L64260,1823
8L64265,1824
8L64266,1825
8L64270,1826
8L64271,1827
8L64272,1828
8L64278,1829
8L64280,1830
8L64283,1831
8L64286,1832
8L64288,1833
8L64291,1834
8L64294,1835
8L64327,1836
8L64354,1837
8L64372,1838
8L64373,1839
8L64374,1840
8L64380,1841
8L64397,1842
8L64398,1843
8L64399,1844
8L64809,1845
8L64812,1846
8L64813,1847
8L64814,1848
8L64819,1849
8L64820,1850
8L64821,1851
8L64824,1852
8L64825,1853
8L64833,1854
8L64835,1855
8L64838,1856
8L64839,1857
8L64840,1858
8L64841,1859
8L64856,1860
8L64857,1861
8L64858,1862
8L64866,1863
8L64901,1864
8L64902,1865
8L64903,1866
8L64915,1867
8L64916,1868
8L64922,1869
8L64923,1870
8L64933,1871
8L64945,1872
8L64954,1873
8L64970,1874
8L64971,1875
8L64975,1876
8L64976,1877
8L64981,1878
8L64985,1879
8L64996,1880
8L88307,1881
8L89026,1882
8L89044,1883
8L89049,1884
8L89064,1885
8L89100,1886
8L89202,1887
8L89209,1888
8L89210,1889
8L89211,1890
8L89230,1891
8L89244,1892
8L89245,1893
8L89254,1894
8L89256,1895
8L89258,1896
8L89259,1897
8L89265,1898
8L89266,1899
8L89268,1900
8L89269,1901
8L89271,1902
8L89273,1903
8L89274,1904
8L89276,1905
8L89277,1906
8L89282,1907
8L89296,1908
8L89298,1909
8L89299,1910
8L89324,1911
8L89326,1912
8L89333,1913
8L89334,1914
8L89335,1915
8L89337,1916
8L89349,1917
8L89352,1918
8L89354,1919
8L89355,1920
8L89358,1921
8L89363,1922
8L89365,1923
8L89366,1924
8L89368,1925
8L89370,1926
8L89371,1927
8L89372,1928
8L89374,1929
8L89376,1930
8L89377,1931
8L89379,1932
8L89380,1933
8L89384,1934
8L89386,1935
8L89387,1936
8L89388,1937
8L89389,1938
8L89391,1939
8L89394,1940
8L89395,1941
8L89399,1942
8L89404,1943
8L89411,1944
8L89412,1945
8L89418,1946
8L89423,1947
8L89430,1948
8L89431,1949
8L89432,1950
8L89434,1951
8L89436,1952
8L89439,1953
8L89441,1954
8L89456,1955
8L89457,1956
8L89460,1957
8L89461,1958
8L89466,1959
8L89467,1960
8L89470,1961
8L89471,1962
8L89474,1963
8L89502,1964
8L89503,1965
8L89507,1966
8L89508,1967
8L89509,1968
8L89512,1969
8L89514,1970
8L89516,1971
8L89517,1972
8L89518,1973
8L89519,1974
8L89521,1975
8L89525,1976
8L89526,1977
8L89530,1978
8L89537,1979
8L89538,1980
8L89539,1981
8L89601,1982
8L89605,1983
8L89606,1984
8L89613,1985
8L89614,1986
8L89615,1987
8L89616,1988
8L89626,1989
8L89628,1990
8L89634,1991
8L89635,1992
8L89637,1993
8L89639,1994
8L89640,1995
8L89641,1996
8L89642,1997
8L89644,1998
8L89645,1999
8L89646,2000
8L89650,2001
8L89652,2002
8L89654,2003
8L89655,2004
8L89663,2005
8L89664,2006
8L89665,2007
8L89669,2008
8L89675,2009
8L89680,2010
8L89682,2011
8L89683,2012
8L89689,2013
8L89690,2014
8L89691,2015
8L89692,2016
8L89704,2017
8L89708,2018
8L89709,2019
8L89711,2020
8L89712,2021
8L89713,2022
8L89714,2023
8L89715,2024
8L89718,2025
8L89720,2026
8L89721,2027
8L89722,2028
8L89723,2029
8L89724,2030
8L89725,2031
8L89728,2032
8L89731,2033
8L89734,2034
8L89739,2035
8L89741,2036
8L89742,2037
8L89748,2038
8L89750,2039
8L89751,2040
8L89752,2041
8L89753,2042
8L89754,2043
8L89755,2044
8L89793,2045
8L89797,2046
8L89804,2047
8L89808,2048
8L89815,2049
8L89822,2050
8L89836,2051
8L89843,2052
8L89844,2053
8L89845,2054
8L89847,2055
8L89848,2056
8L89849,2057
8L89858,2058
8L89859,2059
8L89862,2060
8L89863,2061
8L89875,2062
8L89880,2063
8L89886,2064
8L89891,2065
8L89894,2066
8L89896,2067
8L89906,2068
8L89915,2069
8L89929,2070
8L89983,2071
8L89987,2072
8L89988,2073
8L89989,2074
8L89992,2075
8L89994,2076
8L89995,2077
8L89998,2078
8M31035,2079
8M31041,2080
8M31084,2081
8M31109,2082
8M31112,2083
8M31126,2084
8M31139,2085
8M31147,2086
8M31164,2087
8M31165,2088
8M31197,2089
8M31206,2090
8M31262,2091
8M31265,2092
8M31278,2093
8M31281,2094
8M31282,2095
8M31283,2096
8M31285,2097
8M31286,2098
8M31288,2099
8M31290,2100
8M31291,2101
8M31293,2102
8M31294,2103
8M31295,2104
8M31297,2105
8M31304,2106
8M31305,2107
8M31314,2108
8M31317,2109
8M31320,2110
8M31325,2111
8M31326,2112
8M31327,2113
8M31328,2114
8M31329,2115
8M31331,2116
8M31334,2117
8M31337,2118
8M31338,2119
8M31342,2120
8M31344,2121
8M31350,2122
8M31352,2123
8M31353,2124
8M31356,2125
8M31360,2126
8M31363,2127
8M31365,2128
8M31367,2129
8M31370,2130
8M31372,2131
8M31374,2132
8M31378,2133
8M31379,2134
8M31382,2135
8M31384,2136
8M31385,2137
8M31387,2138
8M31389,2139
8M31390,2140
8M31398,2141
8M31407,2142
8M31420,2143
8M31426,2144
8M31432,2145
8M31433,2146
8M31436,2147
8M31445,2148
8M31450,2149
8M31452,2150
8M31453,2151
8M31463,2152
8M31468,2153
8M31476,2154
8M31480,2155
8M31483,2156
8M31484,2157
8M31485,2158
8M31495,2159
8M31496,2160
8M31497,2161
8M31498,2162
8M31508,2163
8M31509,2164
8M31511,2165
8M31516,2166
8M31520,2167
8M31522,2168
8M31524,2169
8M31526,2170
8M31527,2171
8M31528,2172
8M31532,2173
8M31535,2174
8M31536,2175
8M31541,2176
8M31542,2177
8M31543,2178
8M31544,2179
8M31545,2180
8M31546,2181
8M31547,2182
8M31548,2183
8M31550,2184
8M31551,2185
8M31552,2186
8M31554,2187
8M31561,2188
8M31562,2189
8M31568,2190
8M31581,2191
8M31583,2192
8M31585,2193
8M31591,2194
8M31602,2195
8M31605,2196
8M31622,2197
8M31625,2198
8M31627,2199
8M31632,2200
8M31634,2201
8M31637,2202
8M31641,2203
8M31642,2204
8M31704,2205
8M31706,2206
8M31711,2207
8M31712,2208
8M31713,2209
8M31714,2210
8M31715,2211
8M31716,2212
8M31717,2213
8M31730,2214
8M31731,2215
8M31732,2216
8M31733,2217
8M31737,2218
8M31738,2219
8M31739,2220
8M31747,2221
8M31756,2222
8M31758,2223
8M31838,2224
8M31839,2225
8M31844,2226
8M31862,2227
8M31863,2228
8M31865,2229
8M31869,2230
8M31872,2231
8M31873,2232
8M31874,2233
8M31875,2234
8M31893,2235
8M31922,2236
8M31923,2237
8M31924,2238
8M31925,2239
8M31926,2240
8M31927,2241
8M31928,2242
8M31929,2243
8M31935,2244
8M31936,2245
8M31937,2246
8M31938,2247
8M31939,2248
8M31940,2249
8M31941,2250
8M31943,2251
8M31945,2252
8M31953,2253
8M31954,2254
8M31968,2255
8M31969,2256
8M31970,2257
8M31973,2258
8M31977,2259
8M31984,2260
8M31993,2261
8M31995,2262
8M31997,2263
8M71060,2264
8M71061,2265
8M71063,2266
8M71064,2267
8M71073,2268
8M71074,2269
8M71077,2270
8M71083,2271
8M71084,2272
8M71085,2273
8M71086,2274
8M71089,2275
8M71092,2276
8M71093,2277
8M71096,2278
8M71097,2279
8M71098,2280
8M71100,2281
8M71201,2282
8M71204,2283
8M71205,2284
8M71206,2285
8M71208,2286
8M71210,2287
8M71211,2288
8M71212,2289
8M71216,2290
8M71217,2291
8M71218,2292
8M71220,2293
8M71226,2294
8M71227,2295
8M71231,2296
8M71232,2297
8M71237,2298
8M71238,2299
8M71239,2300
8M71247,2301
8M71250,2302
8M71253,2303
8M71254,2304
8M71256,2305
8M71257,2306
8M71258,2307
8M71264,2308
8M71268,2309
8M71269,2310
8M71277,2311
8M71278,2312
8M71280,2313
8M71281,2314
8M71283,2315
8M71285,2316
8M71286,2317
8M71287,2318
8M71289,2319
8M71290,2320
8M71291,2321
8M71292,2322
8M71293,2323
8M71294,2324
8M71295,2325
8M71296,2326
8M71298,2327
8M71299,2328
8M71300,2329
8M71301,2330
8M71302,2331
8M71303,2332
8M71304,2333
8M71305,2334
8M71306,2335
8M71307,2336
8M71310,2337
8M71311,2338
8M71312,2339
8M71313,2340
8M71314,2341
8M71315,2342
8M71317,2343
8M71318,2344
8M71321,2345
8M71322,2346
8M71406,2347
8M71407,2348
8M71411,2349
8M71412,2350
8M71414,2351
8M71415,2352
8M71416,2353
8M71501,2354
8M71502,2355
8M71503,2356
8M71504,2357
8M71505,2358
8M71506,2359
8M71507,2360
8M71511,2361
8M71512,2362
8M71513,2363
8M71514,2364
8M71515,2365
8M71520,2366
8M71521,2367
8M71522,2368
8M71530,2369
8M71531,2370
8M71532,2371
8M71534,2372
8M71540,2373
8M71552,2374
8M71569,2375
8M71573,2376
8M71585,2377
8M71587,2378
8M71596,2379
8M71610,2380
8M71612,2381
8M71614,2382
8M71650,2383
8M71662,2384
8M71667,2385
8M71672,2386
8M71673,2387
8M71674,2388
8M71687,2389
8M71691,2390
8M71700,2391
8M71710,2392
8M71722,2393
8M71731,2394
8M71732,2395
8M71735,2396
8M71736,2397
8M71758,2398
8M71761,2399
8M71765,2400
8M71773,2401
8M71775,2402
8M71783,2403
8M71811,2404
8M71819,2405
8M71823,2406
8M71826,2407
8M71831,2408
8M71834,2409
8M71835,2410
8M71836,2411
8M71864,2412
8M71865,2413
8M71866,2414
8M71867,2415
8M71872,2416
8M71873,2417
8M71881,2418
8M71896,2419
8M71898,2420
8M72001,2421
8M72002,2422
8M72004,2423
8M72007,2424
8M72009,2425
8M72013,2426
8M72014,2427
8M72015,2428
8M72016,2429
8M72017,2430
8M72018,2431
8M72019,2432
8M72021,2433
8M72022,2434
8M72023,2435
8M72024,2436
8M72030,2437
8M72031,2438
8M72032,2439
8M72036,2440
8M72037,2441
8M72038,2442
8M72045,2443
8M72052,2444
8M72058,2445
8M72062,2446
8M72078,2447
8M72081,2448
8M72084,2449
8M72087,2450
8M72112,2451
8M72114,2452
8M72120,2453
8M72124,2454
8M72125,2455
8M72128,2456
8M72135,2457
8M72136,2458
8M72140,2459
8M72143,2460
8M72144,2461
8M72168,2462
8M72172,2463
8M72176,2464
8M72178,2465
8M72179,2466
8M72180,2467
8M72185,2468
8M72186,2469
8M72189,2470
8M72190,2471
8M72191,2472
8M72219,2473
8M72224,2474
8M72227,2475
8M72232,2476
8M72235,2477
8M72237,2478
8M72243,2479
8M72245,2480
8M72248,2481
8M72249,2482
8M72251,2483
8M72257,2484
8M72258,2485
8M72259,2486
8M72268,2487
8M72269,2488
8M72271,2489
8M72272,2490
8M72273,2491
8M72274,2492
8M72277,2493
8M72278,2494
8M72284,2495
8M72285,2496
8M72287,2497
8M72289,2498
8M72291,2499
8M72292,2500
8M72293,2501
8M72294,2502
8M72295,2503
8M72309,2504
8M72315,2505
8M72323,2506
8M72324,2507
8M72325,2508
8M72326,2509
8M72327,2510
8M72328,2511
8M72329,2512
8M72601,2513
8M72602,2514
8M72604,2515
8M72605,2516
8M72606,2517
8M72608,2518
8M72609,2519
8M72610,2520
8M72611,2521
8M72613,2522
8M72617,2523
8M72618,2524
8M72621,2525
8M72623,2526
8M72631,2527
8M72633,2528
8M72638,2529
8M72640,2530
8M72643,2531
8M72644,2532
8M72646,2533
8M72647,2534
8M72648,2535
8M72649,2536
8M72653,2537
8M72654,2538
8M72656,2539
8M72659,2540
8M72660,2541
8M72664,2542
8M72666,2543
8M72668,2544
8M72673,2545
8M72674,2546
8M72675,2547
8M72677,2548
8M72678,2549
8M72679,2550
8M72680,2551
8M72681,2552
8M72707,2553
8M72708,2554
8M72716,2555
8M72719,2556
8M72722,2557
8M72725,2558
8M72736,2559
8M72737,2560
8M72739,2561
8M72741,2562
8M72745,2563
8M72749,2564
8M72752,2565
8M72757,2566
8M72764,2567
8M72766,2568
8M72777,2569
8M72786,2570
8M72792,2571
8M72795,2572
8M72797,2573
8M72805,2574
8M72806,2575
8M72809,2576
8M72810,2577
8M72811,2578
8M72812,2579
8M72818,2580
8M72832,2581
8M72848,2582
8M72851,2583
8M72853,2584
8M72855,2585
8M72859,2586
8M72863,2587
8M72864,2588
8M72867,2589
8M72877,2590
8M72878,2591
8M72879,2592
8M72881,2593
8M72882,2594
8M72884,2595
8M72887,2596
8M72891,2597
8M72892,2598
8M72893,2599
8M72897,2600
8M72898,2601
8M72906,2602
8M72907,2603
8M72908,2604
8M72909,2605
8M72913,2606
8M72914,2607
8M72916,2608
8M72923,2609
8M72924,2610
8M72928,2611
8M72929,2612
8M72931,2613
8M72932,2614
8M72933,2615
8M72934,2616
8M72935,2617
8M72945,2618
8M72947,2619
8M72951,2620
8M72954,2621
8M72955,2622
8M72956,2623
8M72957,2624
8M72960,2625
8M72961,2626
8M72965,2627
8M72969,2628
8M72970,2629
8M72972,2630
8M72975,2631
8M72976,2632
8M72980,2633
8M72982,2634
8M72987,2635
8M72990,2636
8M72996,2637
8M73000,2638
8N05003,2639
8N05004,2640
8N05006,2641
8N05008,2642
8N05009,2643
8N05012,2644
8N05013,2645
8N05018,2646
8N05027,2647
8N05029,2648
8N05030,2649
8N05032,2650
8N05049,2651
8N05052,2652
8N05057,2653
8N05058,2654
8N05059,2655
8N05063,2656
8N05083,2657
8N05086,2658
8N05087,2659
8N05094,2660
8N05369,2661
8N05371,2662
8N05380,2663
8N05402,2664
8N05417,2665
8N05418,2666
8N05419,2667
8N05423,2668
8N05436,2669
8N05437,2670
8N05438,2671
8N05442,2672
8N05444,2673
8N05445,2674
8N05446,2675
8N05447,2676
8N05457,2677
8N05460,2678
8N05462,2679
8N05464,2680
8N05467,2681
8N05472,2682
8N05480,2683
8N05489,2684
8N05494,2685
8N05515,2686
8N05517,2687
8N05526,2688
8N05528,2689
8N05531,2690
8N05532,2691
8N05533,2692
8N05534,2693
8N05536,2694
8N05538,2695
8N05552,2696
8N05553,2697
8N05558,2698
8N05567,2699
8N05571,2700
8N05572,2701
8N05574,2702
8N05575,2703
8N05576,2704
8N05578,2705
8N05701,2706
8N05702,2707
8N05703,2708
8N05704,2709
8N05705,2710
8N05706,2711
8N05707,2712
8N05708,2713
8N05709,2714
8N05710,2715
8N05711,2716
8N05712,2717
8N05713,2718
8N05714,2719
8N05715,2720
8N05716,2721
8N05717,2722
8N05724,2723
8N05726,2724
8N05747,2725
8N05748,2726
8N05749,2727
8N05750,2728
8N05752,2729
8N05753,2730
8N05782,2731
8N05785,2732
8N05795,2733
8N05796,2734
8N05797,2735
8N05798,2736
8N05799,2737
8N05808,2738
8N05809,2739
8N05810,2740
8N05825,2741
8N05827,2742
8N05829,2743
8N05831,2744
8N05832,2745
8N05837,2746
8N05840,2747
8N05841,2748
8N05844,2749
8N05845,2750
8N05846,2751
8N05847,2752
8N05850,2753
8N05851,2754
8N05905,2755
8N05907,2756
8N05921,2757
8N05923,2758
8N05930,2759
8N05933,2760
8N05939,2761
8N05940,2762
8N05941,2763
8N05946,2764
8N06011,2765
8N06017,2766
8N06020,2767
8N06026,2768
8N06028,2769
8N06029,2770
8N06030,2771
8N06037,2772
8N06040,2773
8N06045,2774
8N06063,2775
8N06074,2776
8N06097,2777
8N06098,2778
8N06106,2779
8N06112,2780
8N06114,2781
8N06128,2782
8N06132,2783
8N06146,2784
8N06152,2785
8N06157,2786
8N06181,2787
8N06186,2788
8N06195,2789
8N06196,2790
8N06210,2791
8N06237,2792
8N06265,2793
8N06268,2794
8N06280,2795
8N06281,2796
8N06285,2797
8N06288,2798
8N06290,2799
8N06291,2800
8N06292,2801
8N06293,2802
8N06305,2803
8N06306,2804
8N06311,2805
8N06317,2806
8N06330,2807
8N06333,2808
8N06340,2809
8N06347,2810
8N06355,2811
8N06359,2812
8N06360,2813
8N06367,2814
8N06371,2815
8N06385,2816
8N06387,2817
8N06393,2818
8N06394,2819
8N06395,2820
8N06396,2821
8N06398,2822
8N06406,2823
8N06408,2824
8N06412,2825
8N06413,2826
8N06414,2827
8N06417,2828
8N06418,2829
8N06428,2830
8N06435,2831
8N06439,2832
8N06449,2833
8N06508,2834
8N06510,2835
8N06517,2836
8N06519,2837
8N06521,2838
8N06527,2839
8N06528,2840
8N06532,2841
8N06543,2842
8N06554,2843
8N06559,2844
8N06560,2845
8N06563,2846
8N06564,2847
8N06566,2848
8N06567,2849
8N06570,2850
8N06580,2851
8N06581,2852
8N06727,2853
8N06730,2854
8N06733,2855
8N06736,2856
8N06740,2857
8N06749,2858
8N06766,2859
8N06776,2860
8N06781,2861
8N06782,2862
8N06783,2863
8N06786,2864
8N06787,2865
8N06790,2866
8N06792,2867
8N06794,2868
8N06798,2869
8N06800,2870
8N06801,2871
8N06802,2872
8N06808,2873
8N06813,2874
8N06814,2875
8N06815,2876
8N06819,2877
8N06916,2878
8N06917,2879
8N06920,2880
8N06921,2881
8N06922,2882
8N06928,2883
8N06930,2884
8N06931,2885
8N06941,2886
8N06942,2887
8N06944,2888
8N06947,2889
8N06958,2890
8N06963,2891
8N06969,2892
8N06976,2893
8N06979,2894
8N06989,2895
8N06993,2896
8N06999,2897
8N71514,2898
8N71867,2899
8N72002,2900
8N72003,2901
8N72006,2902
8N72012,2903
8N72037,2904
8N72040,2905
8N72043,2906
8N72044,2907
8N72045,2908
8N72046,2909
8N72055,2910
8N72082,2911
8N72096,2912
8N72099,2913
8N72108,2914
8N72109,2915
8N72113,2916
8N72114,2917
8N72117,2918
8N72118,2919
8N72134,2920
8N72205,2921
8N72206,2922
8N72207,2923
8N72208,2924
8N72209,2925
8N72218,2926
8N72220,2927
8N72232,2928
8N72234,2929
8N72235,2930
8N72236,2931
8N72242,2932
8N72246,2933
8N72252,2934
8N72254,2935
8N72257,2936
8N72266,2937
8N72311,2938
8N72312,2939
8N72332,2940
8N72333,2941
8N72347,2942
8N72348,2943
8N72350,2944
8N72351,2945
8N72353,2946
8N72354,2947
8N72359,2948
8N72366,2949
8N72367,2950
8N72368,2951
8N72369,2952
8N72374,2953
8N72376,2954
8N72389,2955
8N72391,2956
8N72407,2957
8N72408,2958
8N72420,2959
8N72433,2960
8N72434,2961
8N72436,2962
8N72437,2963
8N72438,2964
8N72440,2965
8N72447,2966
8N72448,2967
8N72457,2968
8N72460,2969
8N72465,2970
8N72476,2971
8N72478,2972
8N72479,2973
8N72481,2974
8N72482,2975
8N72483,2976
8N72486,2977
8N72487,2978
8N72488,2979
8N72489,2980
8N72490,2981
8N72494,2982
8N72495,2983
8N72496,2984
8N72497,2985
8N72499,2986
8N72500,2987
8N72512,2988
8N72516,2989
8N72519,2990
8N72531,2991
8N72545,2992
8N72551,2993
8N72574,2994
8N72575,2995
8N72577,2996
8N72578,2997
8N72591,2998
8N72592,2999
8N72603,3000
8N72616,3001
8N72627,3002
8N72630,3003
8N72633,3004
8N72639,3005
8N72640,3006
8N72641,3007
8N72642,3008
8N72644,3009
8N72645,3010
8N72646,3011
8N72647,3012
8N72648,3013
8N72650,3014
8N72651,3015
8N72655,3016
8N72658,3017
8N72660,3018
8N72663,3019
8N72664,3020
8N72665,3021
8N72668,3022
8N72669,3023
8N72670,3024
8N72701,3025
8N72716,3026
8N72717,3027
8N72719,3028
8N72721,3029
8N72724,3030
8N72734,3031
8N72736,3032
8N72737,3033
8N72738,3034
8N72742,3035
8N72743,3036
8N72746,3037
8N72749,3038
8N72760,3039
8N72777,3040
8N72785,3041
8N72795,3042
8N72950,3043
8N72965,3044
8N72981,3045
8N72986,3046
8N72988,3047
8N73001,3048
8N73003,3049
8N73012,3050
8N73013,3051
8N73021,3052
8N73031,3053
8N73050,3054
8N73052,3055
8N73055,3056
8N73056,3057
8N73057,3058
8N73074,3059
8N73082,3060
8N73083,3061
8N73084,3062
8N73086,3063
8N73087,3064
8N73093,3065
8N73094,3066
8N73097,3067
8N73201,3068
8N73204,3069
8N73206,3070
8N73207,3071
8N73293,3072
8N73294,3073
8N73296,3074
8N73359,3075
8N73360,3076
8N73361,3077
8N73363,3078
8N73366,3079
8N73368,3080
8N73372,3081
8N73376,3082
8N73401,3083
8N73402,3084
8N73404,3085
8N73406,3086
8N73407,3087
8N73409,3088
8N73420,3089
8N73423,3090
8N73501,3091
8N73502,3092
8N73503,3093
8N73504,3094
8N73505,3095
8N73506,3096
8N73507,3097
8N73508,3098
8N73509,3099
8N73510,3100
8N73519,3101
8N73521,3102
8N73524,3103
8N73525,3104
8N73526,3105
8N73527,3106
8N73528,3107
8N73529,3108
8N73530,3109
8N73580,3110
8N73596,3111
8N73810,3112
8N87141,3113
8N87145,3114
8N87146,3115
8N87150,3116
8N87151,3117
8N87152,3118
8N87153,3119
8N87154,3120
8N87158,3121
8N87159,3122
8N87208,3123
8N87216,3124
8N87218,3125
8N87219,3126
8N87220,3127
8N87225,3128
8N87226,3129
8N87228,3130
8N87243,3131
8N87244,3132
8N87245,3133
8N87246,3134
8N87284,3135
8N87286,3136
8N87288,3137
8N87291,3138
8N87292,3139
8N87293,3140
8N87307,3141
8N87342,3142
8N87368,3143
8N87369,3144
8N87371,3145
8N87372,3146
8N87709,3147
